{"cameraMode":{"drawMode":0,"name":"Shaded","section":"Shading Mode"},"sceneLighting":true,"audioPlay":false,"sceneViewState":{"showFog":true,"showMaterialUpdate":false,"showSkybox":true,"showFlares":true,"showImageEffects":true,"showParticleSystems":true},"in2DMode":false,"pivot":{"x":-0.05440951883792877,"y":0.00220353901386261,"z":1.3220000267028809},"rotation":{"x":-0.17495772242546082,"y":0.628991961479187,"z":-0.1481439173221588,"w":-0.7428407669067383},"size":2.35178279876709,"orthographic":false}